timestamp,steps,data source
2026-05-01T00:02:48Z,12,MobileTrack
2026-05-01T00:03:48Z,12,MobileTrack
2026-05-01T00:04:48Z,45,MobileTrack
2026-05-01T00:05:48Z,15,MobileTrack
2026-05-01T00:22:48Z,3,MobileTrack
2026-05-01T00:23:48Z,15,MobileTrack
2026-05-01T00:24:48Z,12,MobileTrack
2026-05-01T00:25:48Z,35,MobileTrack
2026-05-01T00:26:48Z,25,MobileTrack
2026-05-01T00:28:48Z,18,MobileTrack
2026-05-01T00:29:48Z,28,MobileTrack
2026-05-01T00:30:48Z,20,MobileTrack
2026-05-01T00:31:48Z,6,MobileTrack
2026-05-01T00:32:48Z,12,MobileTrack
2026-05-01T00:33:48Z,11,MobileTrack
2026-05-01T00:34:48Z,1,MobileTrack
2026-05-01T00:35:48Z,12,MobileTrack
2026-05-01T00:37:48Z,7,MobileTrack
2026-05-01T00:38:48Z,4,MobileTrack
2026-05-01T00:39:48Z,15,MobileTrack
2026-05-01T00:40:48Z,10,MobileTrack
2026-05-01T00:41:48Z,25,MobileTrack
2026-05-01T00:42:48Z,9,MobileTrack
2026-05-01T00:43:48Z,4,MobileTrack
2026-05-01T00:44:48Z,23,MobileTrack
2026-05-01T00:45:48Z,1,MobileTrack
2026-05-01T00:46:03Z,25,MobileTrack
2026-05-01T00:48:03Z,4,MobileTrack
2026-05-01T00:49:03Z,15,MobileTrack
2026-05-01T00:50:03Z,18,MobileTrack
2026-05-01T00:52:03Z,7,MobileTrack
2026-05-01T00:53:03Z,27,MobileTrack
2026-05-01T00:54:03Z,7,MobileTrack
2026-05-01T00:55:03Z,5,MobileTrack
2026-05-01T00:56:03Z,18,MobileTrack
2026-05-01T00:59:03Z,10,MobileTrack
2026-05-01T01:00:03Z,31,MobileTrack
2026-05-01T01:01:03Z,28,MobileTrack
2026-05-01T01:02:03Z,43,MobileTrack
2026-05-01T01:03:03Z,51,MobileTrack
2026-05-01T01:04:03Z,7,MobileTrack
2026-05-01T01:05:03Z,20,MobileTrack
2026-05-01T01:17:03Z,5,MobileTrack
2026-05-01T01:18:03Z,20,MobileTrack
2026-05-01T01:19:03Z,18,MobileTrack
2026-05-01T01:20:03Z,7,MobileTrack
2026-05-01T01:21:03Z,58,MobileTrack
2026-05-01T01:22:03Z,57,MobileTrack
2026-05-01T01:23:03Z,24,MobileTrack
2026-05-01T01:24:03Z,28,MobileTrack
2026-05-01T01:25:03Z,13,MobileTrack
2026-05-01T01:26:03Z,31,MobileTrack
2026-05-01T01:27:03Z,31,MobileTrack
2026-05-01T01:28:03Z,28,MobileTrack
2026-05-01T01:29:03Z,27,MobileTrack
2026-05-01T01:30:03Z,27,MobileTrack
2026-05-01T01:31:03Z,27,MobileTrack
2026-05-01T01:32:03Z,5,MobileTrack
2026-05-01T01:33:03Z,26,MobileTrack
2026-05-01T01:34:03Z,14,MobileTrack
2026-05-01T01:35:03Z,1,MobileTrack
2026-05-01T01:36:03Z,10,MobileTrack
2026-05-01T01:37:03Z,24,MobileTrack
2026-05-01T01:38:03Z,2,MobileTrack
2026-05-01T01:39:03Z,18,MobileTrack
2026-05-01T01:40:03Z,15,MobileTrack
2026-05-01T01:41:03Z,26,MobileTrack
2026-05-01T01:42:03Z,35,MobileTrack
2026-05-01T01:43:03Z,2,MobileTrack
2026-05-01T01:44:03Z,14,MobileTrack
2026-05-01T01:45:03Z,7,MobileTrack
2026-05-01T01:46:03Z,9,MobileTrack
2026-05-01T01:47:03Z,62,MobileTrack
2026-05-01T01:48:03Z,51,MobileTrack
2026-05-01T01:49:03Z,74,MobileTrack
2026-05-01T01:50:03Z,76,MobileTrack
2026-05-01T01:51:03Z,19,MobileTrack
2026-05-01T01:52:03Z,6,MobileTrack
2026-05-01T01:53:03Z,64,MobileTrack
2026-05-01T01:54:03Z,17,MobileTrack
2026-05-01T01:55:03Z,70,MobileTrack
2026-05-01T01:56:03Z,98,MobileTrack
2026-05-01T01:57:03Z,50,MobileTrack
2026-05-01T01:58:03Z,104,MobileTrack
2026-05-01T01:59:03Z,19,MobileTrack
2026-05-01T02:01:03Z,8,MobileTrack
2026-05-01T02:02:03Z,101,MobileTrack
2026-05-01T02:03:03Z,62,MobileTrack
2026-05-01T02:04:03Z,80,MobileTrack
2026-05-01T02:05:03Z,74,MobileTrack
2026-05-01T02:06:03Z,18,MobileTrack
2026-05-01T02:07:03Z,13,MobileTrack
2026-05-01T02:31:03Z,4,MobileTrack
2026-05-01T02:32:03Z,38,MobileTrack
2026-05-01T02:33:03Z,59,MobileTrack
2026-05-01T02:34:03Z,20,MobileTrack
2026-05-01T02:35:03Z,64,MobileTrack
2026-05-01T02:36:03Z,71,MobileTrack
2026-05-01T02:37:03Z,85,MobileTrack
2026-05-01T02:38:03Z,12,MobileTrack
2026-05-01T02:39:03Z,6,MobileTrack
2026-05-01T02:42:03Z,1,MobileTrack
2026-05-01T02:43:03Z,20,MobileTrack
2026-05-01T02:44:03Z,3,MobileTrack
2026-05-01T02:46:03Z,3,MobileTrack
2026-05-01T02:47:03Z,28,MobileTrack
2026-05-01T03:01:03Z,6,MobileTrack
2026-05-01T03:02:03Z,55,MobileTrack
2026-05-01T03:03:03Z,22,MobileTrack
2026-05-01T03:04:03Z,7,MobileTrack
2026-05-01T03:05:03Z,8,MobileTrack
2026-05-01T03:06:03Z,49,MobileTrack
2026-05-01T03:07:03Z,70,MobileTrack
2026-05-01T03:08:03Z,45,MobileTrack
2026-05-01T03:09:03Z,48,MobileTrack
2026-05-01T03:10:03Z,77,MobileTrack
2026-05-01T03:11:03Z,76,MobileTrack
2026-05-01T03:12:03Z,70,MobileTrack
2026-05-01T03:13:03Z,15,MobileTrack
2026-05-01T03:14:03Z,19,MobileTrack
2026-05-01T03:15:03Z,63,MobileTrack
2026-05-01T03:16:03Z,71,MobileTrack
2026-05-01T03:17:03Z,5,MobileTrack
2026-05-01T03:18:03Z,26,MobileTrack
2026-05-01T03:19:03Z,9,MobileTrack
2026-05-01T03:20:03Z,35,MobileTrack
2026-05-01T03:21:03Z,57,MobileTrack
2026-05-01T03:22:03Z,61,MobileTrack
2026-05-01T03:23:03Z,76,MobileTrack
2026-05-01T03:24:03Z,51,MobileTrack
2026-05-01T03:25:03Z,108,MobileTrack
2026-05-01T03:26:03Z,89,MobileTrack
2026-05-01T03:27:03Z,62,MobileTrack
2026-05-01T03:28:03Z,72,MobileTrack
2026-05-01T03:29:03Z,27,MobileTrack
2026-05-01T03:30:03Z,23,MobileTrack
2026-05-01T03:31:03Z,15,MobileTrack
2026-05-01T03:32:03Z,81,MobileTrack
2026-05-01T03:33:03Z,47,MobileTrack
2026-05-01T03:34:03Z,23,MobileTrack
2026-05-01T03:35:03Z,12,MobileTrack
2026-05-01T03:36:03Z,17,MobileTrack
2026-05-01T03:37:03Z,32,MobileTrack
2026-05-01T03:38:03Z,20,MobileTrack
2026-05-01T03:39:03Z,8,MobileTrack
2026-05-01T03:42:03Z,7,MobileTrack
2026-05-01T03:43:03Z,60,MobileTrack
2026-05-01T03:44:03Z,29,MobileTrack
2026-05-01T03:45:03Z,48,MobileTrack
2026-05-01T03:46:03Z,51,MobileTrack
2026-05-01T03:47:03Z,20,MobileTrack
2026-05-01T03:49:03Z,9,MobileTrack
2026-05-01T03:50:03Z,50,MobileTrack
2026-05-01T03:51:03Z,11,MobileTrack
2026-05-01T03:52:03Z,23,MobileTrack
2026-05-01T03:53:03Z,18,MobileTrack
2026-05-01T03:54:03Z,13,MobileTrack
2026-05-01T03:55:03Z,42,MobileTrack
2026-05-01T03:56:03Z,40,MobileTrack
2026-05-01T03:57:03Z,26,MobileTrack
2026-05-01T03:59:03Z,8,MobileTrack
2026-05-01T04:00:03Z,8,MobileTrack
2026-05-01T04:01:03Z,3,MobileTrack
2026-05-01T04:02:03Z,6,MobileTrack
2026-05-01T04:03:03Z,11,MobileTrack
2026-05-01T04:07:03Z,8,MobileTrack
2026-05-01T04:08:03Z,17,MobileTrack
2026-05-01T04:09:03Z,19,MobileTrack
2026-05-01T04:10:03Z,10,MobileTrack
2026-05-01T04:11:03Z,14,MobileTrack
2026-05-01T04:12:03Z,24,MobileTrack
2026-05-01T04:13:03Z,2,MobileTrack
2026-05-01T04:14:03Z,20,MobileTrack
2026-05-01T04:15:03Z,35,MobileTrack
2026-05-01T04:16:03Z,14,MobileTrack
2026-05-01T04:17:03Z,44,MobileTrack
2026-05-01T04:18:03Z,24,MobileTrack
2026-05-01T04:19:03Z,47,MobileTrack
2026-05-01T04:20:03Z,33,MobileTrack
2026-05-01T04:21:03Z,45,MobileTrack
2026-05-01T04:22:03Z,7,MobileTrack
2026-05-01T04:24:03Z,1,MobileTrack
2026-05-01T04:25:03Z,23,MobileTrack
2026-05-01T04:26:03Z,118,MobileTrack
2026-05-01T04:27:03Z,71,MobileTrack
2026-05-01T04:28:03Z,108,MobileTrack
2026-05-01T04:29:03Z,125,MobileTrack
2026-05-01T04:30:03Z,79,MobileTrack
2026-05-01T04:39:03Z,2,MobileTrack
2026-05-01T04:40:03Z,5,MobileTrack
2026-05-01T04:48:03Z,14,MobileTrack
2026-05-01T04:49:03Z,107,MobileTrack
2026-05-01T04:50:03Z,100,MobileTrack
2026-05-01T04:51:03Z,122,MobileTrack
2026-05-01T04:52:03Z,125,MobileTrack
2026-05-01T04:53:03Z,32,MobileTrack
2026-05-01T04:54:03Z,128,MobileTrack
2026-05-01T04:55:03Z,113,MobileTrack
2026-05-01T04:56:03Z,81,MobileTrack
2026-05-01T04:57:20Z,9,MobileTrack
2026-05-01T04:59:20Z,5,MobileTrack
2026-05-01T05:00:20Z,7,MobileTrack
2026-05-01T05:02:20Z,1,MobileTrack
2026-05-01T05:03:20Z,24,MobileTrack
2026-05-01T05:04:20Z,116,MobileTrack
2026-05-01T05:05:20Z,117,MobileTrack
2026-05-01T05:06:20Z,68,MobileTrack
2026-05-01T05:13:20Z,2,MobileTrack
2026-05-01T05:14:20Z,32,MobileTrack
2026-05-01T05:15:20Z,109,MobileTrack
2026-05-01T05:16:20Z,110,MobileTrack
2026-05-01T05:17:20Z,47,MobileTrack
2026-05-01T05:18:20Z,52,MobileTrack
2026-05-01T05:19:20Z,98,MobileTrack
2026-05-01T05:20:20Z,4,MobileTrack
2026-05-01T05:21:20Z,14,MobileTrack
2026-05-01T05:22:20Z,99,MobileTrack
2026-05-01T05:23:20Z,83,MobileTrack
2026-05-01T05:24:20Z,1,MobileTrack
2026-05-01T05:25:20Z,6,MobileTrack
2026-05-01T05:37:20Z,17,MobileTrack
2026-05-01T05:38:20Z,117,MobileTrack
2026-05-01T05:39:20Z,118,MobileTrack
2026-05-01T05:40:20Z,49,MobileTrack
2026-05-01T05:41:20Z,114,MobileTrack
2026-05-01T05:42:20Z,68,MobileTrack
2026-05-01T05:47:20Z,2,MobileTrack
2026-05-01T05:48:20Z,13,MobileTrack
2026-05-01T05:51:20Z,2,MobileTrack
2026-05-01T05:52:20Z,27,MobileTrack
2026-05-01T05:53:20Z,1,MobileTrack
2026-05-01T06:42:20Z,4,MobileTrack
2026-05-01T06:43:20Z,2,MobileTrack
2026-05-01T10:02:20Z,1,MobileTrack
2026-05-01T10:03:20Z,9,MobileTrack
2026-05-01T10:06:20Z,1,MobileTrack
2026-05-01T10:07:20Z,7,MobileTrack
2026-05-01T10:09:20Z,5,MobileTrack
2026-05-01T10:10:20Z,3,MobileTrack
2026-05-01T10:25:20Z,4,MobileTrack
2026-05-01T10:26:20Z,3,MobileTrack
2026-05-01T10:55:20Z,6,MobileTrack
2026-05-01T10:56:20Z,4,MobileTrack
2026-05-01T11:07:20Z,1,MobileTrack
2026-05-01T11:08:20Z,10,MobileTrack
2026-05-01T11:21:20Z,7,MobileTrack
2026-05-01T11:22:20Z,19,MobileTrack
2026-05-01T11:50:20Z,1,MobileTrack
2026-05-01T11:51:20Z,17,MobileTrack
2026-05-01T11:52:20Z,43,MobileTrack
2026-05-01T11:53:20Z,158,MobileTrack
2026-05-01T11:54:20Z,46,MobileTrack
2026-05-01T11:55:20Z,54,MobileTrack
2026-05-01T11:56:20Z,118,MobileTrack
2026-05-01T11:57:20Z,106,MobileTrack
2026-05-01T11:58:20Z,57,MobileTrack
2026-05-01T11:59:20Z,25,MobileTrack
2026-05-01T12:32:20Z,3,MobileTrack
2026-05-01T12:33:20Z,18,MobileTrack
2026-05-01T12:34:20Z,17,MobileTrack
2026-05-01T12:59:20Z,5,MobileTrack
2026-05-01T13:00:20Z,3,MobileTrack
2026-05-01T23:50:20Z,6,MobileTrack
2026-05-01T23:51:20Z,12,MobileTrack
2026-05-01T23:52:20Z,5,MobileTrack
2026-05-01T23:53:20Z,19,MobileTrack
2026-05-01T23:54:20Z,17,MobileTrack
2026-05-01T23:55:20Z,6,MobileTrack
2026-05-01T23:56:20Z,27,MobileTrack
2026-05-01T23:57:20Z,45,MobileTrack
2026-05-01T23:58:20Z,7,MobileTrack
2026-05-01T23:59:20Z,67,MobileTrack
2026-05-02T00:00:20Z,121,MobileTrack
2026-05-02T00:01:20Z,72,MobileTrack
2026-05-02T00:02:20Z,102,MobileTrack
2026-05-02T00:03:20Z,26,MobileTrack
2026-05-02T00:04:20Z,109,MobileTrack
2026-05-02T00:05:20Z,8,MobileTrack
2026-05-02T00:06:20Z,102,MobileTrack
2026-05-02T00:07:20Z,118,MobileTrack
2026-05-02T00:08:20Z,53,MobileTrack
2026-05-02T00:09:20Z,12,MobileTrack
2026-05-02T01:37:20Z,14,MobileTrack
2026-05-02T01:38:20Z,7,MobileTrack
2026-05-02T01:53:20Z,3,MobileTrack
2026-05-02T01:54:20Z,25,MobileTrack
2026-05-02T01:57:20Z,5,MobileTrack
2026-05-02T01:58:20Z,11,MobileTrack
2026-05-02T02:02:20Z,9,MobileTrack
2026-05-02T02:03:20Z,5,MobileTrack
2026-05-02T02:07:20Z,4,MobileTrack
2026-05-02T02:08:20Z,2,MobileTrack
2026-05-02T03:25:20Z,1,MobileTrack
2026-05-02T03:26:20Z,17,MobileTrack
2026-05-02T04:20:20Z,3,MobileTrack
2026-05-02T04:21:20Z,28,MobileTrack
2026-05-02T04:22:20Z,24,MobileTrack
2026-05-02T04:23:20Z,23,MobileTrack
2026-05-02T04:24:20Z,106,MobileTrack
2026-05-02T04:25:20Z,110,MobileTrack
2026-05-02T04:26:20Z,92,MobileTrack
2026-05-02T04:28:20Z,3,MobileTrack
2026-05-02T04:29:20Z,10,MobileTrack
2026-05-02T04:40:20Z,15,MobileTrack
2026-05-02T04:41:20Z,102,MobileTrack
2026-05-02T04:42:20Z,117,MobileTrack
2026-05-02T04:43:20Z,74,MobileTrack
2026-05-02T04:45:20Z,5,MobileTrack
2026-05-02T04:46:20Z,72,MobileTrack
2026-05-02T04:47:20Z,96,MobileTrack
2026-05-02T04:48:20Z,93,MobileTrack
2026-05-02T04:49:20Z,107,MobileTrack
2026-05-02T04:50:20Z,33,MobileTrack
2026-05-02T04:51:20Z,7,MobileTrack
2026-05-02T04:52:20Z,7,MobileTrack
2026-05-02T05:18:20Z,9,MobileTrack
2026-05-02T05:19:20Z,61,MobileTrack
2026-05-02T05:20:20Z,113,MobileTrack
2026-05-02T05:21:20Z,92,MobileTrack
2026-05-02T05:22:20Z,40,MobileTrack
2026-05-02T05:25:20Z,4,MobileTrack
2026-05-02T05:26:20Z,21,MobileTrack
2026-05-02T05:27:20Z,5,MobileTrack
2026-05-02T05:28:20Z,9,MobileTrack
2026-05-02T05:29:20Z,61,MobileTrack
2026-05-02T05:30:20Z,102,MobileTrack
2026-05-02T05:31:20Z,114,MobileTrack
2026-05-02T05:32:20Z,70,MobileTrack
2026-05-02T05:33:20Z,97,MobileTrack
2026-05-02T05:34:20Z,74,MobileTrack
2026-05-02T05:35:20Z,97,MobileTrack
2026-05-02T05:36:20Z,34,MobileTrack
2026-05-02T05:40:20Z,1,MobileTrack
2026-05-02T05:41:20Z,16,MobileTrack
2026-05-02T05:42:20Z,35,MobileTrack
2026-05-02T05:43:20Z,9,MobileTrack
2026-05-02T05:44:20Z,61,MobileTrack
2026-05-02T05:45:20Z,54,MobileTrack
2026-05-02T05:46:20Z,117,MobileTrack
2026-05-02T05:47:20Z,120,MobileTrack
2026-05-02T05:48:20Z,118,MobileTrack
2026-05-02T05:49:40Z,69,MobileTrack
2026-05-02T05:50:40Z,3,MobileTrack
2026-05-02T05:51:40Z,13,MobileTrack
2026-05-02T05:57:40Z,7,MobileTrack
2026-05-02T05:58:40Z,97,MobileTrack
2026-05-02T05:59:40Z,29,MobileTrack
2026-05-02T06:00:40Z,17,MobileTrack
2026-05-02T06:09:40Z,6,MobileTrack
2026-05-02T06:10:40Z,56,MobileTrack
2026-05-02T06:11:40Z,120,MobileTrack
2026-05-02T06:12:40Z,64,MobileTrack
2026-05-02T06:13:40Z,36,MobileTrack
2026-05-02T07:34:40Z,6,MobileTrack
2026-05-02T07:35:40Z,19,MobileTrack
2026-05-02T09:54:40Z,3,MobileTrack
2026-05-02T09:55:40Z,4,MobileTrack
2026-05-02T12:20:40Z,5,MobileTrack
2026-05-02T12:21:40Z,16,MobileTrack
2026-05-02T12:22:40Z,44,MobileTrack
2026-05-02T12:23:40Z,35,MobileTrack
2026-05-02T12:24:40Z,114,MobileTrack
2026-05-02T12:25:40Z,130,MobileTrack
2026-05-02T12:26:40Z,131,MobileTrack
2026-05-02T12:27:40Z,119,MobileTrack
2026-05-02T12:28:40Z,118,MobileTrack
2026-05-02T12:29:40Z,126,MobileTrack
2026-05-02T12:30:40Z,111,MobileTrack
2026-05-02T12:31:40Z,115,MobileTrack
2026-05-02T12:32:40Z,110,MobileTrack
2026-05-02T12:33:40Z,109,MobileTrack
2026-05-02T12:34:40Z,112,MobileTrack
2026-05-02T12:35:40Z,115,MobileTrack
2026-05-02T12:36:40Z,112,MobileTrack
2026-05-02T12:37:40Z,77,MobileTrack
2026-05-02T12:38:40Z,32,MobileTrack
2026-05-02T12:39:40Z,10,MobileTrack
2026-05-02T12:52:40Z,4,MobileTrack
2026-05-02T12:53:40Z,20,MobileTrack
2026-05-02T12:56:40Z,1,MobileTrack
2026-05-02T12:57:40Z,5,MobileTrack
2026-05-02T13:37:40Z,2,MobileTrack
2026-05-02T13:38:40Z,6,MobileTrack
2026-05-02T14:00:40Z,6,MobileTrack
2026-05-02T14:01:40Z,16,MobileTrack
2026-05-02T14:03:40Z,1,MobileTrack
2026-05-02T14:04:40Z,8,MobileTrack
2026-05-02T14:14:40Z,7,MobileTrack
2026-05-02T14:15:40Z,9,MobileTrack
2026-05-02T14:26:40Z,3,MobileTrack
2026-05-02T14:27:40Z,3,MobileTrack
2026-05-02T22:42:40Z,3,MobileTrack
2026-05-02T22:43:40Z,31,MobileTrack
2026-05-02T22:44:40Z,1,MobileTrack
2026-05-02T22:59:40Z,1,MobileTrack
2026-05-02T23:00:40Z,11,MobileTrack
2026-05-02T23:01:40Z,13,MobileTrack
2026-05-02T23:02:40Z,11,MobileTrack
2026-05-02T23:03:40Z,111,MobileTrack
2026-05-02T23:04:40Z,129,MobileTrack
2026-05-02T23:05:40Z,131,MobileTrack
2026-05-02T23:06:40Z,128,MobileTrack
2026-05-02T23:07:40Z,129,MobileTrack
2026-05-02T23:08:40Z,126,MobileTrack
2026-05-02T23:09:40Z,68,MobileTrack
2026-05-02T23:23:40Z,8,MobileTrack
2026-05-02T23:24:40Z,43,MobileTrack
2026-05-02T23:25:40Z,125,MobileTrack
2026-05-02T23:26:40Z,102,MobileTrack
2026-05-02T23:27:40Z,31,MobileTrack
2026-05-03T00:38:40Z,6,MobileTrack
2026-05-03T00:39:40Z,14,MobileTrack
2026-05-03T00:51:40Z,1,MobileTrack
2026-05-03T00:52:40Z,21,MobileTrack
2026-05-03T00:53:40Z,40,MobileTrack
2026-05-03T00:54:40Z,24,MobileTrack
2026-05-03T01:10:40Z,4,MobileTrack
2026-05-03T01:11:40Z,4,MobileTrack
2026-05-03T01:14:40Z,11,MobileTrack
2026-05-03T01:15:40Z,30,MobileTrack
2026-05-03T01:16:40Z,27,MobileTrack
2026-05-03T01:19:40Z,3,MobileTrack
2026-05-03T01:20:40Z,34,MobileTrack
2026-05-03T01:21:40Z,11,MobileTrack
2026-05-03T01:22:40Z,44,MobileTrack
2026-05-03T01:23:40Z,93,MobileTrack
2026-05-03T01:24:40Z,99,MobileTrack
2026-05-03T01:25:40Z,36,MobileTrack
2026-05-03T01:34:40Z,1,MobileTrack
2026-05-03T01:35:40Z,14,MobileTrack
2026-05-03T01:36:40Z,13,MobileTrack
2026-05-03T02:56:40Z,2,MobileTrack
2026-05-03T02:57:40Z,31,MobileTrack
2026-05-03T02:58:40Z,115,MobileTrack
2026-05-03T02:59:40Z,114,MobileTrack
2026-05-03T03:00:40Z,120,MobileTrack
2026-05-03T03:01:40Z,119,MobileTrack
2026-05-03T03:02:40Z,120,MobileTrack
2026-05-03T03:03:40Z,121,MobileTrack
2026-05-03T03:04:40Z,123,MobileTrack
2026-05-03T03:05:40Z,13,MobileTrack
2026-05-03T03:06:40Z,13,MobileTrack
2026-05-03T03:07:40Z,2,MobileTrack
2026-05-03T03:08:40Z,6,MobileTrack
2026-05-03T03:20:40Z,14,MobileTrack
2026-05-03T03:21:40Z,36,MobileTrack
2026-05-03T03:23:40Z,14,MobileTrack
2026-05-03T03:24:40Z,124,MobileTrack
2026-05-03T03:25:40Z,121,MobileTrack
2026-05-03T03:26:40Z,84,MobileTrack
2026-05-03T03:27:40Z,89,MobileTrack
2026-05-03T03:28:40Z,119,MobileTrack
2026-05-03T03:29:40Z,28,MobileTrack
